{"cameraMode":{"drawMode":0,"name":"Shaded","section":"Shading Mode"},"sceneLighting":true,"audioPlay":false,"sceneViewState":{"showFog":true,"showMaterialUpdate":false,"showSkybox":true,"showFlares":true,"showImageEffects":true,"showParticleSystems":true,"showVisualEffectGraphs":true,"m_FxEnabled":true},"in2DMode":false,"pivot":{"x":-3.2114992141723635,"y":1.220233678817749,"z":4.084035873413086},"rotation":{"x":-0.03171747550368309,"y":0.07399237155914307,"z":-0.0023546640295535328,"w":-0.9967543482780457},"size":9.459319114685059,"orthographic":false}