{"cameraMode":{"drawMode":0,"name":"Shaded","section":"Shading Mode"},"sceneLighting":true,"audioPlay":false,"sceneViewState":{"showFog":true,"showMaterialUpdate":false,"showSkybox":true,"showFlares":true,"showImageEffects":true,"showParticleSystems":true,"showVisualEffectGraphs":true,"m_FxEnabled":true},"in2DMode":false,"pivot":{"x":-0.5975070595741272,"y":0.7677028775215149,"z":-0.9123809337615967},"rotation":{"x":-0.2316007763147354,"y":-0.11815057694911957,"z":0.028352631255984308,"w":-0.9651973247528076},"size":3.029381036758423,"orthographic":true}