{"cameraMode":{"drawMode":0,"name":"Shaded","section":"Shading Mode"},"sceneLighting":false,"audioPlay":false,"sceneViewState":{"showFog":true,"showMaterialUpdate":false,"showSkybox":false,"showFlares":true,"showImageEffects":true,"showParticleSystems":true,"showVisualEffectGraphs":true,"m_FxEnabled":true},"in2DMode":false,"pivot":{"x":-0.4740012586116791,"y":0.2884919047355652,"z":-0.9740462303161621},"rotation":{"x":-0.0033898642286658289,"y":0.9944925904273987,"z":-0.09908954799175263,"w":-0.034024640917778018},"size":2.721320152282715,"orthographic":false}