{"cameraMode":{"drawMode":0,"name":"Shaded","section":"Shading Mode"},"sceneLighting":false,"audioPlay":false,"sceneViewState":{"showFog":true,"showMaterialUpdate":false,"showSkybox":false,"showFlares":true,"showImageEffects":true,"showParticleSystems":true,"showVisualEffectGraphs":true,"m_FxEnabled":true},"in2DMode":false,"pivot":{"x":0.3829442262649536,"y":0.2752965986728668,"z":-0.0986371636390686},"rotation":{"x":-0.13001330196857453,"y":-0.04193291813135147,"z":0.0055058300495147709,"w":-0.9906130433082581},"size":1.8708287477493287,"orthographic":true}