{"cameraMode":{"drawMode":0,"name":"Shaded","section":"Shading Mode"},"sceneLighting":true,"audioPlay":false,"sceneViewState":{"showFog":true,"showMaterialUpdate":false,"showSkybox":true,"showFlares":true,"showImageEffects":true,"showParticleSystems":true},"in2DMode":false,"pivot":{"x":-2.5358526706695558,"y":3.3628346920013429,"z":33.0034294128418},"rotation":{"x":-0.028786521404981614,"y":0.03657389432191849,"z":-0.001053874148055911,"w":-0.9989162683486939},"size":88.73975372314453,"orthographic":false}