{"cameraMode":{"drawMode":0,"name":"Shaded","section":"Shading Mode"},"sceneLighting":false,"audioPlay":false,"sceneViewState":{"showFog":true,"showMaterialUpdate":false,"showSkybox":false,"showFlares":true,"showImageEffects":true,"showParticleSystems":true},"in2DMode":false,"pivot":{"x":-39.99901580810547,"y":48.03200149536133,"z":0.00000762939453125},"rotation":{"x":-0.2495732605457306,"y":-0.022659676149487497,"z":0.005842074751853943,"w":-0.9680741429328919},"size":123.48126220703125,"orthographic":false}