{"cameraMode":{"drawMode":0,"name":"Shaded","section":"Shading Mode"},"sceneLighting":true,"audioPlay":false,"sceneViewState":{"showFog":true,"showMaterialUpdate":false,"showSkybox":true,"showFlares":true,"showImageEffects":true,"showParticleSystems":true},"in2DMode":false,"pivot":{"x":-2.518357992172241,"y":0.7130386829376221,"z":-0.8039111495018005},"rotation":{"x":0.1889379918575287,"y":0.06475860625505448,"z":-0.012487857602536679,"w":0.9797738194465637},"size":6.958361625671387,"orthographic":false}