{"cameraMode":{"drawMode":0,"name":"Shaded","section":"Shading Mode"},"sceneLighting":false,"audioPlay":false,"sceneViewState":{"showFog":true,"showMaterialUpdate":false,"showSkybox":false,"showFlares":true,"showImageEffects":true,"showParticleSystems":true,"showVisualEffectGraphs":true,"m_FxEnabled":true},"in2DMode":false,"pivot":{"x":0.17751193046569825,"y":0.5814838409423828,"z":-0.4036470055580139},"rotation":{"x":0.008993541821837426,"y":0.974579393863678,"z":-0.22030040621757508,"w":0.039785146713256839},"size":1.8708287477493287,"orthographic":false}